<?xml version="1.0" encoding="utf-8" ?>
<Patch>

	<Operation Class="PatchOperationFindMod">
		<mods>
			<li>Vanilla Achievements Expanded</li>
		</mods>
		<match Class="PatchOperationSequence">
			<operations>
				<li Class="PatchOperationAdd"> 
					<xpath>/Defs</xpath>
					<value>
						<AchievementsExpanded.AchievementTabDef>
							<defName>RF_FishingAchievements</defName>
							<label>Fishing</label>
						</AchievementsExpanded.AchievementTabDef>

						<AchievementsExpanded.AchievementDef>
							<defName>RF_AchivementTinyFish</defName>
							<label>Grilled well</label>
							<description>Cook a grilled tiny fish.</description>
							<tab>RF_FishingAchievements</tab>
							<tracker Class="AchievementsExpanded.ItemCraftTracker">
								<def>GrilledTinyFish</def>
								<count>1</count>
							</tracker>
							<texPath>Achievements/RF_AchiveGrilledFish</texPath>
							<points>5</points>
						</AchievementsExpanded.AchievementDef>

						<AchievementsExpanded.AchievementDef>
							<defName>RF_AchievementPufferfish</defName>
							<label>Not afraid of poisonable</label>
							<description>Eat a raw pufferfish</description>
							<tab>RF_FishingAchievements</tab>
							<tracker Class="AchievementsExpanded.HediffTracker">
								<def>RF_AteRawPufferfish</def>
								<count>1</count>
							</tracker>
							<texPath>Achievements/RF_AchieveEatPufferfish</texPath>
							<points>10</points>
						</AchievementsExpanded.AchievementDef>

						<AchievementsExpanded.AchievementDef>
							<defName>RF_AchievementSquidLeatherShirt</defName>
							<label>It's cool?</label>
							<description>Make a squid leather T-shirt</description>
							<tab>RF_FishingAchievements</tab>
							<tracker Class="AchievementsExpanded.ItemCraftTracker">
								<def>Apparel_BasicShirt</def>
								<madeFrom>SquidLeather</madeFrom>
								<count>1</count>
							</tracker>
							<texPath>Achievements/RF_AchiveSquidLeatherShirt</texPath>
							<points>10</points>
						</AchievementsExpanded.AchievementDef>

						<AchievementsExpanded.AchievementDef>
							<defName>RF_AchievementEelLeatherShirt</defName>
							<label>Unagi</label>
							<description>Make a eel leather T-shirt</description>
							<tab>RF_FishingAchievements</tab>
							<tracker Class="AchievementsExpanded.ItemCraftTracker">
								<def>Apparel_BasicShirt</def>
								<madeFrom>EelLeather</madeFrom>
								<count>1</count>
							</tracker>
							<texPath>Achievements/RF_AchiveEelLeatherShirt</texPath>
							<points>10</points>
						</AchievementsExpanded.AchievementDef>

						<AchievementsExpanded.AchievementDef>
							<defName>RF_AchievementAteCavir</defName>
							<label>Get caviar!</label>
							<description>Got a high-class delicacy caviar</description>
							<tab>RF_FishingAchievements</tab>
							<tracker Class="AchievementsExpanded.ItemTracker">
								<def>Caviar</def>
								<count>1</count>
							</tracker>
							<texPath>Achievements/RF_AchiveCaviar</texPath>
							<points>5</points>
						</AchievementsExpanded.AchievementDef>
					</value>
				</li>
			</operations>
		</match>
	</Operation>


</Patch>

