﻿<?xml version="1.0" encoding="utf-8" ?>
<Defs>

	<HediffDef>
		<defName>RF_AteRawPufferfish</defName>
		<hediffClass>HediffWithComps</hediffClass>
		<label>ate raw pufferfish</label>
		<labelNoun>ate raw pufferfish</labelNoun>
		<description>ate raw pufferfish</description>
		<defaultLabelColor>(1,0,1)</defaultLabelColor>
		<scenarioCanAdd>false</scenarioCanAdd>
		<isBad>false</isBad>
		<maxSeverity>1.0</maxSeverity>
		<comps>
			<li Class="HediffCompProperties_Immunizable">
				<severityPerDayNotImmune>-12</severityPerDayNotImmune>
			</li>
		</comps>
		<stages>
			<li>
			</li>
		</stages>
	</HediffDef>
	


</Defs>